{"mean_": [1.53392589888666, 2.728642087972258, 1.53392589888666, 4.60177769665999, 10.735754699762692, 23.002299689724452, 15.704581127943023, 0.3340025552108049, 0.6652673845592262, 0.7132834458842854, 0.0, 2019.694834823873, 212.0, 0.29999999999997123, 850.0, 62.0, 71.0, 0.38000000000005335, 2100.0], "scale_": [5.582264393020802, 9.189895083997683, 5.582264393020802, 11.987326008343347, 21.565303060375733, 38.396595640085906, 30.417195904932417, 0.47164059231947386, 0.9408593679705244, 12.091618908341697, 15.708435122651624, 338.94566693352385, 1.0, 1.0, 1.0, 1.0, 1.0, 1.0, 1.0], "var_": [31.1616757535879, 84.4541716548848, 31.1616757535879, 143.69598483030484, 465.06229608585096, 1474.2985567482642, 925.2058067190374, 0.22244484832346414, 0.8852163502978947, 146.20724782456645, 246.75493400255513, 114884.1651330113, 0.0, 0.0, 0.0, 0.0, 0.0, 0.0, 0.0], "n_features_in_": 19}